<?xml version="1.0"?>
<!--<!DOCTYPE metadata SYSTEM "http://www.esri.com/metadata/esriprof80.dtd">-->
<metadata xml:lang="en"><Esri><CreaDate>20091228</CreaDate><CreaTime>00080200</CreaTime><SyncOnce>FALSE</SyncOnce><DataProperties><lineage><Process Name="Project_1" ToolSource="C:\Program Files\ArcGIS\ArcToolbox\Toolboxes\Data Management Tools.tbx\Project" Date="20071012" Time="130347">Project "Database Connections\sql3@sdeadm@scgis(5151).sde\scgis.SDEADM.HistoricSites" "Database Connections\sql3@sdeadm@scgis(5151).sde\scgis.SDEADM.HistoricSites_Project" PROJCS['NAD_1983_StatePlane_Washington_North_FIPS_4601_Feet',GEOGCS['GCS_North_American_1983',DATUM['D_North_American_1983',SPHEROID['GRS_1980',6378137.0,298.257222101]],PRIMEM['Greenwich',0.0],UNIT['Degree',0.0174532925199433]],PROJECTION['Lambert_Conformal_Conic'],PARAMETER['False_Easting',1640416.666666667],PARAMETER['False_Northing',0.0],PARAMETER['Central_Meridian',-120.8333333333333],PARAMETER['Standard_Parallel_1',47.5],PARAMETER['Standard_Parallel_2',48.73333333333333],PARAMETER['Latitude_Of_Origin',47.0],UNIT['Foot_US',0.3048006096012192]] NAD_1927_To_NAD_1983_NADCON PROJCS['NAD_1927_StatePlane_Washington_North_FIPS_4601',GEOGCS['GCS_North_American_1927',DATUM['D_North_American_1927',SPHEROID['Clarke_1866',6378206.4,294.9786982]],PRIMEM['Greenwich',0.0],UNIT['Degree',0.0174532925199433]],PROJECTION['Lambert_Conformal_Conic'],PARAMETER['False_Easting',2000000.0],PARAMETER['False_Northing',0.0],PARAMETER['Central_Meridian',-120.8333333333333],PARAMETER['Standard_Parallel_1',47.5],PARAMETER['Standard_Parallel_2',48.73333333333333],PARAMETER['Latitude_Of_Origin',47.0],UNIT['Foot_US',0.3048006096012192]]</Process><Process Name="FeatureClassToFeatureClass_12" ToolSource="C:\Program Files\ArcGIS\ArcToolbox\Toolboxes\Conversion Tools.tbx\FeatureClassToFeatureClass" Date="20071019" Time="072929">FeatureClassToFeatureClass "Database Connections\sdeadm@scgis(5151)@SQL3.sde\scgis.SDEADM.HistoricSites" "Database Connections\sdeadm@scgis(5151)@SQL3.sde" HistoricSites1 # "Type Type true true false 2 Short 0 5 ,First,#,Database Connections\sdeadm@scgis(5151)@SQL3.sde\scgis.SDEADM.HistoricSites,Type,-1,-1;Name Name true true false 50 Text 0 0 ,First,#,Database Connections\sdeadm@scgis(5151)@SQL3.sde\scgis.SDEADM.HistoricSites,Name,-1,-1" # "Database Connections\sdeadm@scgis(5151)@SQL3.sde\scgis.SDEADM.HistoricSites1"</Process><Process Name="FeatureClassToFeatureClass_1" ToolSource="C:\Program Files\ArcGIS\ArcToolbox\Toolboxes\Conversion Tools.tbx\FeatureClassToFeatureClass" Date="20071107" Time="132718">FeatureClassToFeatureClass "Database Connections\sql3@sdeadm@scgis(5151).sde\scgis.SDEADM.HistoricSites" "Database Connections\sql3@sdeadm@TempSDE(5152).sde" JB_HistoricalSites # "Type Type true true false 2 Short 0 5 ,First,#,Database Connections\sql3@sdeadm@scgis(5151).sde\scgis.SDEADM.HistoricSites,Type,-1,-1;Name Name true true false 50 Text 0 0 ,First,#,Database Connections\sql3@sdeadm@scgis(5151).sde\scgis.SDEADM.HistoricSites,Name,-1,-1" # "Database Connections\sql3@sdeadm@TempSDE(5152).sde\TempSDE.SDEADM.JB_HistoricalSites"</Process><Process Name="FeatureClassToFeatureClass_1" ToolSource="C:\Program Files\ArcGIS\ArcToolbox\Toolboxes\Conversion Tools.tbx\FeatureClassToFeatureClass" Date="20090422" Time="121212">FeatureClassToFeatureClass "Database Connections\sql3@sdeadm@TempSDE(5152).sde\TempSDE.SDEADM.JB_HistoricalSites" "Database Connections\sdeadm@scgis(5151)@SQL3.sde" HistoricalSites # "Type Type true true false 2 Short 0 5 ,First,#,Database Connections\sql3@sdeadm@TempSDE(5152).sde\TempSDE.SDEADM.JB_HistoricalSites,Type,-1,-1;Name Name true true false 50 Text 0 0 ,First,#,Database Connections\sql3@sdeadm@TempSDE(5152).sde\TempSDE.SDEADM.JB_HistoricalSites,Name,-1,-1;FileName FileName true true false 100 Text 0 0 ,First,#,Database Connections\sql3@sdeadm@TempSDE(5152).sde\TempSDE.SDEADM.JB_HistoricalSites,FileName,-1,-1;HistoryID HistoryID true true false 4 Long 0 10 ,First,#,Database Connections\sql3@sdeadm@TempSDE(5152).sde\TempSDE.SDEADM.JB_HistoricalSites,HistoryID,-1,-1" # "Database Connections\sdeadm@scgis(5151)@SQL3.sde\scgis.SDEADM.HistoricalSites"</Process></lineage></DataProperties><SyncDate>20090422</SyncDate><SyncTime>12121000</SyncTime><ModDate>20090422</ModDate><ModTime>12121000</ModTime><MetaID>{A9D00A17-D331-46B2-B0A0-A1D4F10250EA}</MetaID></Esri><idinfo><native Sync="TRUE">Microsoft Windows 2000 Version 5.2 (Build 3790) Service Pack 2; ESRI ArcCatalog 9.2.5.1450</native><descript><langdata Sync="TRUE">en</langdata><abstract>REQUIRED: A brief narrative summary of the data set.</abstract><purpose>REQUIRED: A summary of the intentions with which the data set was developed.</purpose></descript><citation><citeinfo><origin>REQUIRED: The name of an organization or individual that developed the data set.</origin><pubdate>REQUIRED: The date when the data set is published or otherwise made available for release.</pubdate><title Sync="TRUE">scgis.SDEADM.HistoricalSites</title><ftname Sync="TRUE">scgis.SDEADM.HistoricalSites</ftname><geoform Sync="TRUE">vector digital data</geoform><onlink Sync="TRUE"></onlink></citeinfo></citation><timeperd><current>REQUIRED: The basis on which the time period of content information is determined.</current><timeinfo><sngdate><caldate>REQUIRED: The year (and optionally month, or month and day) for which the data set corresponds to the ground.</caldate></sngdate></timeinfo></timeperd><status><progress>REQUIRED: The state of the data set.</progress><update>REQUIRED: The frequency with which changes and additions are made to the data set after the initial data set is completed.</update></status><spdom><bounding><westbc Sync="TRUE">-122.704267</westbc><eastbc Sync="TRUE">-121.176185</eastbc><northbc Sync="TRUE">48.651561</northbc><southbc Sync="TRUE">48.293665</southbc></bounding><lboundng><leftbc Sync="TRUE">1188069.258000</leftbc><rightbc Sync="TRUE">1556980.845000</rightbc><bottombc Sync="TRUE">477356.496000</bottombc><topbc Sync="TRUE">602646.918000</topbc></lboundng></spdom><keywords><theme><themekt>REQUIRED: Reference to a formally registered thesaurus or a similar authoritative source of theme keywords.</themekt><themekey>REQUIRED: Common-use word or phrase used to describe the subject of the data set.</themekey></theme></keywords><accconst>REQUIRED: Restrictions and legal prerequisites for accessing the data set.</accconst><useconst>REQUIRED: Restrictions and legal prerequisites for using the data set after access is granted.</useconst><natvform Sync="TRUE">SDE Feature Class</natvform></idinfo><dataIdInfo><envirDesc Sync="TRUE">Microsoft Windows 2000 Version 5.2 (Build 3790) Service Pack 2; ESRI ArcCatalog 9.2.5.1450</envirDesc><dataLang><languageCode Sync="TRUE" value="en"></languageCode></dataLang><idCitation><resTitle Sync="TRUE">scgis.SDEADM.HistoricalSites</resTitle><presForm><PresFormCd Sync="TRUE" value="005"></PresFormCd></presForm></idCitation><spatRpType><SpatRepTypCd Sync="TRUE" value="001"></SpatRepTypCd></spatRpType><dataExt><geoEle><GeoBndBox esriExtentType="native"><westBL Sync="TRUE">1188069.258</westBL><eastBL Sync="TRUE">1556980.845</eastBL><northBL Sync="TRUE">602646.918</northBL><southBL Sync="TRUE">477356.496</southBL><exTypeCode Sync="TRUE">1</exTypeCode></GeoBndBox></geoEle></dataExt><geoBox esriExtentType="decdegrees"><westBL Sync="TRUE">-122.704267</westBL><eastBL Sync="TRUE">-121.176185</eastBL><northBL Sync="TRUE">48.651561</northBL><southBL Sync="TRUE">48.293665</southBL><exTypeCode Sync="TRUE">1</exTypeCode></geoBox></dataIdInfo><metainfo><langmeta Sync="TRUE">en</langmeta><metstdn Sync="TRUE">FGDC Content Standards for Digital Geospatial Metadata</metstdn><metstdv Sync="TRUE">FGDC-STD-001-1998</metstdv><mettc Sync="TRUE">local time</mettc><metc><cntinfo><cntorgp><cntper>REQUIRED: The person responsible for the metadata information.</cntper><cntorg>REQUIRED: The organization responsible for the metadata information.</cntorg></cntorgp><cntaddr><addrtype>REQUIRED: The mailing and/or physical address for the organization or individual.</addrtype><city>REQUIRED: The city of the address.</city><state>REQUIRED: The state or province of the address.</state><postal>REQUIRED: The ZIP or other postal code of the address.</postal></cntaddr><cntvoice>REQUIRED: The telephone number by which individuals can speak to the organization or individual.</cntvoice></cntinfo></metc><metd Sync="TRUE">20090422</metd><metextns><onlink Sync="TRUE">http://www.esri.com/metadata/esriprof80.html</onlink><metprof Sync="TRUE">ESRI Metadata Profile</metprof></metextns></metainfo><mdLang><languageCode Sync="TRUE" value="en"></languageCode></mdLang><mdStanName Sync="TRUE">ISO 19115 Geographic Information - Metadata</mdStanName><mdStanVer Sync="TRUE">DIS_ESRI1.0</mdStanVer><mdChar><CharSetCd Sync="TRUE" value="004"></CharSetCd></mdChar><mdHrLv><ScopeCd Sync="TRUE" value="005"></ScopeCd></mdHrLv><mdHrLvName Sync="TRUE">dataset</mdHrLvName><distinfo><resdesc Sync="TRUE">Downloadable Data</resdesc></distinfo><distInfo><distributor><distorTran><onLineSrc><orDesc Sync="TRUE">002</orDesc><linkage Sync="TRUE">file://</linkage><protocol Sync="TRUE">Local Area Network</protocol></onLineSrc></distorTran><distorFormat><formatName Sync="TRUE">SDE Feature Class</formatName></distorFormat></distributor></distInfo><spdoinfo><direct Sync="TRUE">Vector</direct><ptvctinf><esriterm Name="scgis.SDEADM.HistoricalSites"><efeatyp Sync="TRUE">Simple</efeatyp><efeageom Sync="TRUE">Point</efeageom><esritopo Sync="TRUE">FALSE</esritopo><efeacnt Sync="TRUE">0</efeacnt><spindex Sync="TRUE">TRUE</spindex><linrefer Sync="TRUE">FALSE</linrefer></esriterm><sdtsterm Name="scgis.SDEADM.HistoricalSites"><sdtstype Sync="TRUE">Entity point</sdtstype><ptvctcnt Sync="TRUE">0</ptvctcnt></sdtsterm></ptvctinf></spdoinfo><spref><horizsys><cordsysn><geogcsn Sync="TRUE">GCS_North_American_1983</geogcsn><projcsn Sync="TRUE">NAD_1983_StatePlane_Washington_North_FIPS_4601_Feet</projcsn></cordsysn><planar><planci><plance Sync="TRUE">coordinate pair</plance><plandu Sync="TRUE">survey feet</plandu><coordrep><absres Sync="TRUE">0.001000</absres><ordres Sync="TRUE">0.001000</ordres></coordrep></planci><mapproj><mapprojn Sync="TRUE">Lambert Conformal Conic</mapprojn><lambertc><stdparll Sync="TRUE">47.500000</stdparll><stdparll Sync="TRUE">48.733333</stdparll><longcm Sync="TRUE">-120.833333</longcm><latprjo Sync="TRUE">47.000000</latprjo><feast Sync="TRUE">1640416.666667</feast><fnorth Sync="TRUE">0.000000</fnorth></lambertc></mapproj></planar><geodetic><horizdn Sync="TRUE">North American Datum of 1983</horizdn><ellips Sync="TRUE">Geodetic Reference System 80</ellips><semiaxis Sync="TRUE">6378137.000000</semiaxis><denflat Sync="TRUE">298.257222</denflat></geodetic></horizsys><vertdef><altsys><altenc Sync="TRUE">Explicit elevation coordinate included with horizontal coordinates</altenc><altres Sync="TRUE">1.000000</altres></altsys></vertdef></spref><refSysInfo><RefSystem><refSysID><identCode Sync="TRUE">NAD_1983_StatePlane_Washington_North_FIPS_4601_Feet</identCode></refSysID></RefSystem></refSysInfo><spatRepInfo><VectSpatRep><topLvl><TopoLevCd Sync="TRUE" value="001"></TopoLevCd></topLvl><geometObjs Name="scgis.SDEADM.HistoricalSites"><geoObjTyp><GeoObjTypCd Sync="TRUE" value="004"></GeoObjTypCd></geoObjTyp><geoObjCnt Sync="TRUE">0</geoObjCnt></geometObjs></VectSpatRep></spatRepInfo><eainfo><detailed Name="scgis.SDEADM.HistoricalSites"><enttyp><enttypl Sync="TRUE">scgis.SDEADM.HistoricalSites</enttypl><enttypt Sync="TRUE">Feature Class</enttypt><enttypc Sync="TRUE">0</enttypc></enttyp><attr><attrlabl Sync="TRUE">OBJECTID</attrlabl><attalias Sync="TRUE">OBJECTID</attalias><attrtype Sync="TRUE">OID</attrtype><attwidth Sync="TRUE">4</attwidth><atprecis Sync="TRUE">10</atprecis><attscale Sync="TRUE">0</attscale><attrdef Sync="TRUE">Internal feature number.</attrdef><attrdefs Sync="TRUE">ESRI</attrdefs><attrdomv><udom Sync="TRUE">Sequential unique whole numbers that are automatically generated.</udom></attrdomv></attr><attr><attrlabl Sync="TRUE">Type</attrlabl><attalias Sync="TRUE">Type</attalias><attrtype Sync="TRUE">SmallInteger</attrtype><attwidth Sync="TRUE">2</attwidth><atprecis Sync="TRUE">5</atprecis><attscale Sync="TRUE">0</attscale></attr><attr><attrlabl Sync="TRUE">Name</attrlabl><attalias Sync="TRUE">Name</attalias><attrtype Sync="TRUE">String</attrtype><attwidth Sync="TRUE">50</attwidth><atprecis Sync="TRUE">0</atprecis><attscale Sync="TRUE">0</attscale></attr><attr><attrlabl Sync="TRUE">SHAPE</attrlabl><attalias Sync="TRUE">SHAPE</attalias><attrtype Sync="TRUE">Geometry</attrtype><attwidth Sync="TRUE">4</attwidth><atprecis Sync="TRUE">0</atprecis><attscale Sync="TRUE">0</attscale><attrdef Sync="TRUE">Feature geometry.</attrdef><attrdefs Sync="TRUE">ESRI</attrdefs><attrdomv><udom Sync="TRUE">Coordinates defining the features.</udom></attrdomv></attr><subtype><stname Sync="TRUE">Unknown</stname><stcode Sync="TRUE">0</stcode><stfield><stfldnm Sync="TRUE">Type</stfldnm><stflddv Sync="TRUE">0</stflddv></stfield></subtype><subtype><stname Sync="TRUE">Towns that never were</stname><stcode Sync="TRUE">1</stcode><stfield><stfldnm Sync="TRUE">Type</stfldnm><stflddv Sync="TRUE">0</stflddv></stfield></subtype><subtype><stname Sync="TRUE">Rural settlements which never became towns</stname><stcode Sync="TRUE">2</stcode><stfield><stfldnm Sync="TRUE">Type</stfldnm><stflddv Sync="TRUE">0</stflddv></stfield></subtype><subtype><stname Sync="TRUE">Towns that had their day and now have vanished</stname><stcode Sync="TRUE">3</stcode><stfield><stfldnm Sync="TRUE">Type</stfldnm><stflddv Sync="TRUE">0</stflddv></stfield></subtype><subtype><stname Sync="TRUE">Villages with a past</stname><stcode Sync="TRUE">4</stcode><stfield><stfldnm Sync="TRUE">Type</stfldnm><stflddv Sync="TRUE">0</stflddv></stfield></subtype><subtype><stname Sync="TRUE">Geographic Areas</stname><stcode Sync="TRUE">5</stcode><stfield><stfldnm Sync="TRUE">Type</stfldnm><stflddv Sync="TRUE">0</stflddv></stfield></subtype><subtype><stname Sync="TRUE">Prairies</stname><stcode Sync="TRUE">6</stcode><stfield><stfldnm Sync="TRUE">Type</stfldnm><stflddv Sync="TRUE">0</stflddv></stfield></subtype><subtype><stname Sync="TRUE">Native American Settlements</stname><stcode Sync="TRUE">7</stcode><stfield><stfldnm Sync="TRUE">Type</stfldnm><stflddv Sync="TRUE">0</stflddv></stfield></subtype><attr><attrlabl Sync="TRUE">FileName</attrlabl><attalias Sync="TRUE">FileName</attalias><attrtype Sync="TRUE">String</attrtype><attwidth Sync="TRUE">100</attwidth><atprecis Sync="TRUE">0</atprecis><attscale Sync="TRUE">0</attscale></attr><attr><attrlabl Sync="TRUE">HistoryID</attrlabl><attalias Sync="TRUE">HistoryID</attalias><attrtype Sync="TRUE">Integer</attrtype><attwidth Sync="TRUE">4</attwidth><atprecis Sync="TRUE">10</atprecis><attscale Sync="TRUE">0</attscale></attr><attr><attrlabl Sync="TRUE">Shape</attrlabl><attalias Sync="TRUE">Shape</attalias><attrtype Sync="TRUE">Geometry</attrtype><attwidth Sync="TRUE">4</attwidth><atprecis Sync="TRUE">0</atprecis><attscale Sync="TRUE">0</attscale><attrdef Sync="TRUE">Feature geometry.</attrdef><attrdefs Sync="TRUE">ESRI</attrdefs><attrdomv><udom Sync="TRUE">Coordinates defining the features.</udom></attrdomv></attr><subtype><stname Sync="TRUE">General Stores</stname><stcode Sync="TRUE">8</stcode><stfield><stfldnm Sync="TRUE">Type</stfldnm><stflddv Sync="TRUE">0</stflddv></stfield></subtype></detailed></eainfo><mdDateSt Sync="TRUE">20090422</mdDateSt><dataqual><lineage><procstep><procdesc Sync="TRUE">Dataset copied.</procdesc><srcused Sync="TRUE">Server=SQLNTMV3; Service=sde92:sqlserver:SQLNTMV3\SQL2005; Database=scgis; User=skagit\sdeadm; Version=sde.DEFAULT</srcused><date Sync="TRUE">20091228</date><time Sync="TRUE">00080200</time></procstep></lineage></dataqual></metadata>
