<metadata><idinfo><citation><citeinfo><origin>Skagit County GIS</origin><pubdate>October 11, 2001</pubdate><pubtime>Unknown</pubtime><title Sync="TRUE">GisWork.SDEADM.FT_Roads_rte</title><edition>Second</edition><geoform Sync="TRUE">vector digital data</geoform><pubinfo><pubplace>Mount Vernon, Washington</pubplace><publish>Skagit County GIS</publish></pubinfo><ftname Sync="TRUE">GisWork.SDEADM.FT_Roads_rte</ftname><onlink Sync="TRUE">Server=SQLNTMV3; Service=5156; Database=GisWork; User=skagit\sdeadm; Version=sde.DEFAULT</onlink></citeinfo></citation><descript><abstract>The Skagit County Street Centerlines dataset consists of digital data describing county, state, private, and incorporated street centerlines for all of Skagit County.  This dataset also contains the road numbers for all unincorporated roads lying within the county.  These road numbers are assigned and maintained by the Skagit County Public Works Department in the County Road Information System (CRIS) roadlog.  All incorporated roads are given a road number assigned and maintained by the Skagit County GIS Department.  All unincorporated roads that carry county-assigned addresses are maintained via the Skagit County Address database.  This data set includes those roads lying generally within Townships 33N through 36N, and Ranges 1E through16E, Willamette Meridian.</abstract><purpose>The Skagit County Street Centerlines dataset was created to provide support in street display, query, and mapping applications within Skagit County.</purpose><langdata Sync="TRUE">en</langdata></descript><timeperd><timeinfo><sngdate><caldate>20011019</caldate><time>131500</time></sngdate></timeinfo><current>publication date</current></timeperd><status><progress>Complete</progress><update>Weekly</update></status><spdom><bounding><westbc Sync="TRUE">-122.708025</westbc><eastbc Sync="TRUE">-120.734109</eastbc><northbc Sync="TRUE">48.657703</northbc><southbc Sync="TRUE">48.283484</southbc></bounding><lboundng><leftbc Sync="TRUE">1187210.372000</leftbc><rightbc Sync="TRUE">1664399.431000</rightbc><bottombc Sync="TRUE">473662.203000</bottombc><topbc Sync="TRUE">604700.529000</topbc></lboundng></spdom><keywords><theme><themekt>None</themekt><themekey>Centerlines</themekey><themekey>Roads</themekey><themekey>Streets</themekey><themekey>Skagit County</themekey></theme></keywords><accconst>
Access to digital data requires the applicant to fill out a digital data request form and pay the reproductions costs. You can get the form by contacting Skagit County GIS at:

Skagit County GIS
124 West Gates Street
Mount Vernon, WA 98273

Contact: Geoffrey Almvig
Email: geoffa@co.skagit.wa.us
Telephone: 360-336-9368

Access constraints are as follows:

Skagit County shall supply all tapes and other media necessary to process the request. In accordance to RCW 42.17.300, relating to charges for copying, the requestor shall be charged the amount necessary to reimburse the agency for its actual costs. Checks shall be made out to the Skagit County Treasurer's Office and must be received before request is processed.

Skagit County is providing this information in good faith and shall be held harmless for any liability incurred. All digital map information is intended as a general geographic representation and should not be used for precise measurements or calculations.

Information distributed under this request constitutes as a public document, subject only to the restrictions imposed in accordance with the limitations of the Washington Public Disclosure Laws (RCW 42.17 Public Disclosure Act).

Data listed as "Available Data" is considered to be in production. Most Skagit County projects are created from this data or from data received from other agencies. Skagit County willl not supply any data received from other agencies. This includes data from agencies, such as, FEMA, DNR , USGS, or other agencies. Such information shall be obtained by the requestor directly from the source.

The contents on the digital media is public information and shall not be packaged for any "for profit" activity or product, subject only to the restrictions imposed in accordance with the limitations of the Washington Public Disclosure Laws (RCW 42.17 Public Disclosure Act).

Warning

Skagit County disclaims any warranty of merchantability or warranty of fitness of this data for any particular purpose, either express or implied. No representation or warranty is made concerning the accuracy,  currency, completeness or quality of data depicted in this data set. Any user of this map assumes all responsibility for use thereof,  and  further  agrees  to  hold Skagit County harmless from and against any damage, loss, or liability arising from use of this data.
</accconst><useconst>
This dataset is modified and updated on a regular basis.

Printing, copying, or transferring these files by anyone other than Skagit County Geographic Information Services (GIS) may result in errors or inadvertent changes beyond the control of Skagit County GIS.  Printed material from these files, other than those produced by Skagit County GIS, may not be an accurate statement of current law.  Therefore, Skagit County disclaims any warranty of merchantability or warranty of fitness of electronic files for any particular purpose, either express or implied.  No representation or warranty is made concerning the accuracy, currency, completeness, or quality of any electronic file.  Any user of an electronic file assumes all responsibility for use thereof, and further agrees to hold Skagit County harmless from and against any damage, loss, or liability arising from any such use.

Because of delays in processing, changes to any map may not be posted for up to six weeks after being officially amended.  Printed copies of these maps are produced by Skagit County GIS and are available for review or purchase at Skagit County Planning and Permit Center, 200 West Washington Street, Mount Vernon, Washington  98273 between 8:00 a.m. and 4:30 p.m., Monday through Friday. (360) 336-9410  Fax - (360) 336-9416.  Questions or concerns relating to map content, land use designations, boundaries, etc. may be directed in person or in writing to the above address.
</useconst><ptcontac><cntinfo><cntperp><cntper>Geoffrey Almvig</cntper><cntorg>Skagit County GIS</cntorg></cntperp><cntpos>GIS Coordinator</cntpos><cntaddr><addrtype>mailing and physical address</addrtype><address>124 West Gates Street</address><city>Mount Vernon</city><state>Washington</state><postal>98273</postal><country>USA</country></cntaddr><cntvoice>360-336-9368</cntvoice><cntfax>360-336-9490</cntfax><cntemail>geoffa@co.skagit.wa.us</cntemail><hours>7:30 to 4:30</hours><cntinst>Skagit County is open M-F from 7:30 to 4:30</cntinst></cntinfo></ptcontac><datacred>Kari Secrest, Skagit County GIS Specialist, and the Skagit County GIS Department</datacred><secinfo><secsys>None</secsys><secclass>Unclassified</secclass><sechandl>This data constitutes as a public document that can be shared with others, subject only to the restrictions imposed in accordance with the limitations of the Washington Public Disclosure Laws (RCW 42.17 Public Disclosure Act).</sechandl></secinfo><native Sync="TRUE">Microsoft Windows 2000 Version 5.2 (Build 3790) Service Pack 2; ESRI ArcCatalog 9.2.5.1450</native><natvform Sync="TRUE">SDE Feature Class</natvform></idinfo><dataqual><logic>Topology was verified with the Arc/Info "BUILD" command using the "LINE" option.</logic><complete>The vector data in the Skagit County Road Centerlines coverage was created from available public records and existing map sources, not from field surveys.  Centerline features have been adjusted to achieve a "best fit" registration to Skagit County's Ownership Parcels map.  Whenever possible, centerlines were entered using Coordinate Geometry.  In some cases, road centerlines have been created from in-house GPS information and still some were created by digitizing from ortho photos or USGS 7 minute quads.</complete><posacc><horizpa><horizpar>Positional accuracy has not been determined</horizpar></horizpa><vertacc><vertaccr>Positional accuracy has not been determined</vertaccr></vertacc></posacc><lineage><procstep><procdesc Sync="TRUE">Dataset copied.</procdesc><srcused Sync="TRUE">\\admntmv1\gisdata\skagit\sc_roads</srcused><date Sync="TRUE">20041112</date><time Sync="TRUE">10104200</time></procstep><procstep><procdesc Sync="TRUE">Dataset copied.</procdesc><srcused Sync="TRUE">e:\gis_work\gb_convert\sc_roads</srcused><date Sync="TRUE">20041112</date><time Sync="TRUE">10155800</time></procstep><procstep><procdesc Sync="TRUE">Dataset copied.</procdesc><srcused Sync="TRUE">e:\gis_work\gb_convert\archive_gb_covs\sc_roads</srcused><date Sync="TRUE">20041118</date><time Sync="TRUE">09345300</time></procstep><procstep><procdesc Sync="TRUE">Dataset copied.</procdesc><srcused Sync="TRUE">e:\gis_work\c_lines\sc_roads</srcused><date Sync="TRUE">20060504</date><time Sync="TRUE">15272400</time></procstep><procstep><procdesc Sync="TRUE">Dataset copied.</procdesc><srcused Sync="TRUE">e:\gis_work\c_lines\sc_roads</srcused><date Sync="TRUE">20080117</date><time Sync="TRUE">07535000</time></procstep><procstep><procdesc Sync="TRUE">Dataset copied.</procdesc><srcused Sync="TRUE">Server=SQLNTMV3; Service=5156; Database=GisWork; User=skagit\sdeadm; Version=sde.DEFAULT</srcused><date Sync="TRUE">20080417</date><time Sync="TRUE">11535900</time></procstep></lineage></dataqual><spdoinfo><indspref>Skagit County</indspref><direct Sync="TRUE">Vector</direct><ptvctinf><esriterm Name="Roads-Named"><efeatyp Sync="TRUE">Simple</efeatyp><efeageom code="3" Sync="TRUE"></efeageom><esritopo Sync="TRUE">FALSE</esritopo><efeacnt Sync="TRUE">0</efeacnt><spindex Sync="TRUE">FALSE</spindex><linrefer Sync="TRUE">TRUE</linrefer></esriterm></ptvctinf></spdoinfo><spref><horizsys><planar><planci><plandu Sync="TRUE">survey feet</plandu><plance Sync="TRUE">coordinate pair</plance><coordrep><absres Sync="TRUE">0.001000</absres><ordres Sync="TRUE">0.001000</ordres></coordrep></planci></planar><geodetic><horizdn Sync="TRUE">North American Datum of 1983</horizdn><ellips Sync="TRUE">Geodetic Reference System 80</ellips><semiaxis Sync="TRUE">6378137.000000</semiaxis><denflat Sync="TRUE">298.257222</denflat></geodetic><cordsysn><geogcsn Sync="TRUE">GCS_North_American_1983</geogcsn><projcsn Sync="TRUE">NAD_1983_StatePlane_Washington_North_FIPS_4601_Feet</projcsn></cordsysn></horizsys><vertdef><altsys><altenc Sync="TRUE">Explicit elevation coordinate included with horizontal coordinates</altenc><altres Sync="TRUE">1.000000</altres></altsys></vertdef></spref><eainfo><detailed Name="Roads-Named"><attr><attrlabl Sync="TRUE">Shape</attrlabl><attrdef Sync="TRUE">Feature geometry.</attrdef><attrdefs Sync="TRUE">ESRI</attrdefs><attrvai><attrvae>Positional accuracy has not been determined</attrvae></attrvai><attrmfrq>As needed</attrmfrq><attalias Sync="TRUE">Shape</attalias><attrtype Sync="TRUE">Geometry</attrtype><attwidth Sync="TRUE">0</attwidth><atprecis Sync="TRUE">0</atprecis><attscale Sync="TRUE">0</attscale><attrdomv><udom Sync="TRUE">Coordinates defining the features.</udom></attrdomv></attr><attr><attrlabl Sync="TRUE">FID</attrlabl><attalias Sync="TRUE">FID</attalias><attrtype Sync="TRUE">OID</attrtype><attwidth Sync="TRUE">4</attwidth><atprecis Sync="TRUE">0</atprecis><attscale Sync="TRUE">0</attscale><attrdef Sync="TRUE">Internal feature number.</attrdef><attrdefs Sync="TRUE">Esri</attrdefs><attrdomv><udom Sync="TRUE">Sequential unique whole numbers that are automatically generated.</udom></attrdomv></attr><attr><attrlabl Sync="TRUE">TYPE</attrlabl><attwidth Sync="TRUE">3</attwidth><atoutwid Sync="TRUE">1</atoutwid><attrtype Sync="TRUE">String</attrtype><attalias Sync="TRUE">TYPE</attalias><atprecis Sync="TRUE">0</atprecis><attscale Sync="TRUE">0</attscale></attr><attr><attrlabl Sync="TRUE">ROAD_NO</attrlabl><attwidth Sync="TRUE">5</attwidth><atoutwid Sync="TRUE">5</atoutwid><attrtype Sync="TRUE">String</attrtype><attalias Sync="TRUE">ROAD_NO</attalias><atprecis Sync="TRUE">0</atprecis><attscale Sync="TRUE">0</attscale></attr><attr><attrlabl Sync="TRUE">ROAD_NM</attrlabl><attalias Sync="TRUE">ROAD_NM</attalias><attrtype Sync="TRUE">String</attrtype><attwidth Sync="TRUE">60</attwidth><atprecis Sync="TRUE">0</atprecis><attscale Sync="TRUE">0</attscale></attr><attr><attrlabl Sync="TRUE">ROAD_DES</attrlabl><attalias Sync="TRUE">ROAD_DES</attalias><attrtype Sync="TRUE">String</attrtype><attwidth Sync="TRUE">25</attwidth><atprecis Sync="TRUE">0</atprecis><attscale Sync="TRUE">0</attscale></attr><attr><attrlabl Sync="TRUE">GlobalID</attrlabl><attalias Sync="TRUE">GlobalID</attalias><attrtype Sync="TRUE">String</attrtype><attwidth Sync="TRUE">38</attwidth><atprecis Sync="TRUE">0</atprecis><attscale Sync="TRUE">0</attscale></attr><enttyp><enttypl Sync="TRUE">Roads-Named</enttypl><enttypd>A route.roads feature describes an entire street centerline.  One route feature is created and maintained for every valid street number assigned by Skagit County.  It is comprised of all the arc features having the same Skagit County assigned road number.</enttypd><enttypds>Skagit County GIS</enttypds><enttypt Sync="TRUE">Feature Class</enttypt><enttypc Sync="TRUE">0</enttypc></enttyp><attr><attrlabl Sync="TRUE">Shape_STLe</attrlabl><attalias Sync="TRUE">Shape_STLe</attalias><attrtype Sync="TRUE">Double</attrtype><attwidth Sync="TRUE">19</attwidth><atprecis Sync="TRUE">0</atprecis><attscale Sync="TRUE">0</attscale></attr></detailed><detailed Name="sc_roads.ratroads"><enttyp><enttypl Sync="TRUE">sc_roads.ratroads</enttypl><enttypd>Each street/road centerline within Skagit County consists of arc features.  In some cases where a private driveway, logging road, etc.. may have existed at one time, an arc feature was created.  These entities are not considered "roads" and thus have not been assigned a Skagit County road identification number or a road maintenance district type.  Additionally, a corresponding route feature was not created for these arcs.</enttypd><enttypds>Skagit County GIS</enttypds><enttypt Sync="TRUE">Feature Class</enttypt><enttypc Sync="TRUE">3000</enttypc></enttyp><attr><attrlabl Sync="TRUE">FID</attrlabl><attrdef Sync="TRUE">Internal feature number.</attrdef><attrdefs Sync="TRUE">ESRI</attrdefs><attrvai><attrvae>Accuracy has not been determined</attrvae></attrvai><attrmfrq>As needed</attrmfrq><attalias Sync="TRUE">FID</attalias><attrtype Sync="TRUE">OID</attrtype><attwidth Sync="TRUE">4</attwidth><atprecis Sync="TRUE">0</atprecis><attscale Sync="TRUE">0</attscale><attrdomv><udom Sync="TRUE">Sequential unique whole numbers that are automatically generated.</udom></attrdomv></attr><attr><attrlabl Sync="TRUE">Shape</attrlabl><attrdef Sync="TRUE">Feature geometry.</attrdef><attrdefs Sync="TRUE">ESRI</attrdefs><attrdomv><edom><edomv>1</edomv><edomvd>Indicates agency's addressing range increases in opposite direction of county's addressing range.</edomvd></edom><edom><edomv>0</edomv><edomvd>Indicates agency's addressing range increases in same direction of county's addressing range.</edomvd></edom><udom Sync="TRUE">Coordinates defining the features.</udom></attrdomv><attrvai><attrvae>Accuracy has not been determined</attrvae></attrvai><attrmfrq>As needed</attrmfrq><attalias Sync="TRUE">Shape</attalias><attrtype Sync="TRUE">Geometry</attrtype><attwidth Sync="TRUE">0</attwidth><atprecis Sync="TRUE">0</atprecis><attscale Sync="TRUE">0</attscale></attr><attr><attrlabl Sync="TRUE">ROADS#</attrlabl><attrdef Sync="TRUE">Internal feature number.</attrdef><attrdefs Sync="TRUE">ESRI</attrdefs><attrvai><attrvae>Accuracy has not been determined</attrvae></attrvai><attrmfrq>As needed</attrmfrq><attwidth Sync="TRUE">4</attwidth><atoutwid Sync="TRUE">5</atoutwid><attrtype Sync="TRUE">Binary</attrtype><attrdomv><udom Sync="TRUE">Sequential unique whole numbers that are automatically generated.</udom></attrdomv></attr><attr><attrlabl Sync="TRUE">ROADS-ID</attrlabl><attrdef Sync="TRUE">User-defined feature number.</attrdef><attrdefs Sync="TRUE">ESRI</attrdefs><attrdomv><edom><edomv>B</edomv><edomvd>Indicates agency's address range applies to both odd and even house numbers.</edomvd></edom><edom><edomv>O</edomv><edomvd>Indicates agency's address range applies to only odd house numbers.</edomvd></edom><edom><edomv>E</edomv><edomvd>Indicates agency's address range applies to only even house numbers.</edomvd></edom></attrdomv><attrvai><attrvae>Accuracy has not been determined</attrvae></attrvai><attrmfrq>As needed</attrmfrq><attwidth Sync="TRUE">4</attwidth><atoutwid Sync="TRUE">5</atoutwid><attrtype Sync="TRUE">Binary</attrtype></attr><attr><attrlabl Sync="TRUE">ROAD_NO</attrlabl><attrdef>Beginning potential address range per Skagit County Addressing System.</attrdef><attrdefs>Skagit County Addressing System</attrdefs><attrvai><attrvae>Positional accuracy has not been determined</attrvae></attrvai><attrmfrq>As needed</attrmfrq><attwidth Sync="TRUE">5</attwidth><atoutwid Sync="TRUE">5</atoutwid><attrtype Sync="TRUE">Character</attrtype></attr><attr><attrlabl Sync="TRUE">ROAD_NM</attrlabl><attrdef>Integer field containing in-house generated codes used for specific Skagit County projects.</attrdef><attrdefs>Skagit County GIS</attrdefs><attrdomv><edom><edomv>1</edomv><edomvd>Integer field containing in-house generated codes used for specific Skagit County projects.</edomvd></edom><edom><edomv>2</edomv><edomvd>Integer field containing in-house generated codes used for specific Skagit County projects.</edomvd></edom><edom><edomv>3</edomv><edomvd>Integer field containing in-house generated codes used for specific Skagit County projects.</edomvd></edom><edom><edomv>4</edomv><edomvd>Integer field containing in-house generated codes used for specific Skagit County projects.</edomvd></edom></attrdomv><attrvai><attrvae>Positional accuracy has not been determined</attrvae></attrvai><attrmfrq>As needed</attrmfrq><attwidth Sync="TRUE">60</attwidth><atoutwid Sync="TRUE">60</atoutwid><attrtype Sync="TRUE">Character</attrtype></attr><attr><attrlabl Sync="TRUE">ROAD_DES</attrlabl><attrdef>Ending potential address range per Skagit County Addressing System.</attrdef><attrdefs>Skagit County Addressing System</attrdefs><attrvai><attrvae>Positional accuracy has not been determined</attrvae></attrvai><attrmfrq>As needed</attrmfrq><attwidth Sync="TRUE">25</attwidth><atoutwid Sync="TRUE">25</atoutwid><attrtype Sync="TRUE">Character</attrtype></attr><attr><attrlabl Sync="TRUE">DIR</attrlabl><attrdef>System-assigned attribute</attrdef><attrmfrq>As needed</attrmfrq><attwidth Sync="TRUE">3</attwidth><atoutwid Sync="TRUE">3</atoutwid><attrtype Sync="TRUE">Character</attrtype></attr><attr><attrlabl Sync="TRUE">TYPE</attrlabl><attrdef>Addressing system on left side of street segment</attrdef><attrdefs>Skagit County GIS</attrdefs><attrdomv><edom><edomv>SC</edomv><edomvd>addressed by Skagit County</edomvd></edom><edom><edomv>HAM</edomv><edomvd>addressed by Town of Hamilton</edomvd></edom><edom><edomv>ANAC</edomv><edomvd>addressed by City of Anacortes</edomvd></edom><edom><edomv>SEDRO</edomv><edomvd>addressed by City of Sedro-Woolley</edomvd></edom><edom><edomv>BURL</edomv><edomvd>addressed by City of Burlington</edomvd></edom><edom><edomv>MV</edomv><edomvd>addressed by City of Mount Vernon</edomvd></edom><edom><edomv>LAC</edomv><edomvd>addressed by Town of LaConner</edomvd></edom><edom><edomv>SB</edomv><edomvd>addressed by Shelter Bay community</edomvd></edom><edom><edomv>EN</edomv><edomvd>addressed by Eagle's Nest community</edomvd></edom><edom><edomv>SAUK</edomv><edomvd>addressed by Sauk-Suiattle tribe</edomvd></edom></attrdomv><attrvai><attrvae>Positional accuracy has not been determined</attrvae></attrvai><attrmfrq>As needed</attrmfrq><attwidth Sync="TRUE">1</attwidth><atoutwid Sync="TRUE">1</atoutwid><attrtype Sync="TRUE">Character</attrtype></attr><attr><attrlabl Sync="TRUE">ST_RNG</attrlabl><attrdef>Integer field containing in-house generated codes used for specific Skagit County projects.</attrdef><attrdefs>Skagit County GIS</attrdefs><attrvai><attrvae>Positional accuracy has not been determined</attrvae></attrvai><attrmfrq>As needed</attrmfrq><attwidth Sync="TRUE">10</attwidth><atoutwid Sync="TRUE">10</atoutwid><attrtype Sync="TRUE">Integer</attrtype></attr><attr><attrlabl Sync="TRUE">END_RNG</attrlabl><attrdef>System-assigned attribute describing length of route feature in feet</attrdef><attrmfrq>As needed</attrmfrq><attwidth Sync="TRUE">10</attwidth><atoutwid Sync="TRUE">10</atoutwid><attrtype Sync="TRUE">Integer</attrtype></attr><attr><attrlabl>LPOLY#</attrlabl><attrdef>System-assigned attribute</attrdef><attrmfrq>As needed</attrmfrq></attr><attr><attrlabl>RPOLY#</attrlabl><attrdef>System-assigned attribute</attrdef><attrmfrq>As needed</attrmfrq></attr><attr><attrlabl>SK_ROADS#</attrlabl><attrdef>System/user assigned map feature ID</attrdef><attrmfrq>As needed</attrmfrq></attr><attr><attrlabl>SK_ROADS-ID</attrlabl><attrdef>System assigned arc feature ID</attrdef><attrmfrq>As needed</attrmfrq></attr><attr><attrlabl>TNODE#</attrlabl><attrdef>System-assigned attribute</attrdef><attrmfrq>As needed</attrmfrq></attr></detailed><overview><eaover>This coverage contains arc features as well as route features. Centerline attribute information is maintained on the ROUTE.ROADS feature which is used primarily to illustrate the following information regarding roads in Skagit County:  road name, road designator, Skagit County road identification number, road type, general road direction, and approximate road length.</eaover><eadetcit>*NOTE:   A route that crosses a city-limit boundary line may be coded "C" for road type/road maintenance district due to the existance of county-assigned addresses along the portion of the road lying outside the city limits.  Each road within Skagit County is represented by a single route feature.</eadetcit></overview><overview><eaover>The information contained within  the ARCS feature type is maintained primarily to illustrate Skagit County street centerlines.</eaover><eadetcit>Arcs contain centerline information regarding Skagit County road number and road type only.  (See ROUTE.ROADS feature for more centerline information)</eadetcit></overview></eainfo><distinfo><distrib><cntinfo><cntperp><cntper>Geoffrey Almvig</cntper><cntorg>Skagit County GIS</cntorg></cntperp><cntpos>GIS Coordinator</cntpos><cntaddr><addrtype>mailing and physical address</addrtype><address>124 West Gates Street</address><city>Mount Vernon</city><state>Washington</state><postal>98273</postal><country>USA</country></cntaddr><cntvoice>360-336-9368</cntvoice><cntfax>360-336-9490</cntfax><cntemail>geoffa@co.skagit.wa.us</cntemail><hours>7:30 to 4:30</hours><cntinst>Skagit County is open M-F from 7:30 to 4:30</cntinst></cntinfo></distrib><resdesc>Skagit County Road Centerlines</resdesc><distliab>"Skagit County disclaims any warranty of merchantability or warranty of fitness of this data for any particular purpose, either express or implied. No representation or warranty is made concerning the accuracy,  currency, completeness or quality of data depicted in this data set. Any user of this data assumes all responsibility for use thereof,  and  further  agrees  to  hold Skagit County harmless from and against any damage, loss, or liability arising from use of this data"</distliab><stdorder><fees>$85</fees><ordering>To receive this data set, the applicant can either call Skagit County GIS (360-336-9368) and request a "Digital Data Request" form or the applicant can go to the Skagit County WEB site at www.skagitcounty.net and get the form off the GIS Department "Digital Data Request" page. If a form is to be mailed, the applicant will receive the form within three to five working days. The applicant must fill out the form, sign it, include a check for the product, and mail the form back before the request will be processed. Typically, this may take one to three working days.</ordering><turnarnd>Five days</turnarnd><digform><digtinfo><transize Sync="TRUE">7.822</transize><dssize Sync="TRUE">7.822</dssize></digtinfo></digform></stdorder><stdorder><nondig>Hard copy maps are available at diferent sizes and different scales.</nondig><fees>Varies depanding on the map.</fees><ordering>To receive a hard copy map, the applicant can either call Skagit County GIS and request a "Map Order " form or the applicant can go to the Skagit County WEB site at www.skagitcounty.net and get the form off the GIS Department Map Gallery page. If the form is to be mailed, the applicant will receive the form within three to five working days. The applicant must fill out the form, sign it, include a check for the product, and mail the form back before the request will be processed. Typically, this may take one to three working days.</ordering><turnarnd>Five days</turnarnd><digform><digtinfo><transize Sync="TRUE">7.822</transize><dssize Sync="TRUE">7.822</dssize></digtinfo></digform></stdorder><custom>Not Applicable</custom><techpreq>Requires hardware and software capable of viewing .E00 (ArcInfo non compressed export format) files. These files are generated by the current version of ArcInfo and can typically be read by ESRI products.</techpreq></distinfo><metainfo><metd Sync="TRUE">20100622</metd><metrd>20010713</metrd><metfrd>20011231</metfrd><metstdn Sync="TRUE">FGDC Content Standards for Digital Geospatial Metadata</metstdn><mettc Sync="TRUE">local time</mettc><metuc>This data constitutes as a public document that can be shared with others, subject only to the restrictions imposed in accordance with the limitations of the Washington Public Disclosure Laws (RCW 42.17 Public Disclosure Act).</metuc><metsi><metscs>None</metscs><metsc>Unclassified</metsc><metshd>This data constitutes as a public document that can be shared with others, subject only to the restrictions imposed in accordance with the limitations of the Washington Public Disclosure Laws (RCW 42.17 Public Disclosure Act).</metshd></metsi><langmeta Sync="TRUE">en</langmeta><metstdv Sync="TRUE">FGDC-STD-001-1998</metstdv><metc><cntinfo><cntorgp><cntper>REQUIRED: The person responsible for the metadata information.</cntper><cntorg>REQUIRED: The organization responsible for the metadata information.</cntorg></cntorgp><cntaddr><addrtype>REQUIRED: The mailing and/or physical address for the organization or individual.</addrtype><city>REQUIRED: The city of the address.</city><state>REQUIRED: The state or province of the address.</state><postal>REQUIRED: The ZIP or other postal code of the address.</postal></cntaddr><cntvoice>REQUIRED: The telephone number by which individuals can speak to the organization or individual.</cntvoice></cntinfo></metc></metainfo><Esri><CreaDate>20080417</CreaDate><CreaTime>11535900</CreaTime><SyncOnce>FALSE</SyncOnce><SyncDate>20251205</SyncDate><SyncTime>03002700</SyncTime><ModDate>20251205</ModDate><ModTime>03002700</ModTime><DataProperties><lineage><Process Name="FeatureClassToFeatureClass_2" ToolSource="C:\Program Files\ArcGIS\ArcToolbox\Toolboxes\Conversion Tools.tbx\FeatureClassToFeatureClass" Date="20080117" Time="081502">FeatureClassToFeatureClass F:\Shared\Users\Karis\sc_roads\route.roads "Database Connections\sql3@sdeadm@TempSDE(5152).sde\TempSDE.SDEADM.Transportation" test_route # "ROADS_ ROADS_ false false true 4 Long 0 0 ,First,#,F:\Shared\Users\Karis\sc_roads\route.roads,ROADS#,-1,-1;ROADS_ID ROADS_ID true false true 4 Long 0 0 ,First,#,F:\Shared\Users\Karis\sc_roads\route.roads,ROADS-ID,-1,-1;ROAD_NO ROAD_NO true false false 5 Text 0 0 ,First,#,F:\Shared\Users\Karis\sc_roads\route.roads,ROAD_NO,-1,-1;ROAD_NM ROAD_NM true false false 60 Text 0 0 ,First,#,F:\Shared\Users\Karis\sc_roads\route.roads,ROAD_NM,-1,-1;ROAD_DES ROAD_DES true false false 25 Text 0 0 ,First,#,F:\Shared\Users\Karis\sc_roads\route.roads,ROAD_DES,-1,-1;DIR DIR true false false 3 Text 0 0 ,First,#,F:\Shared\Users\Karis\sc_roads\route.roads,DIR,-1,-1;TYPE TYPE true false false 1 Text 0 0 ,First,#,F:\Shared\Users\Karis\sc_roads\route.roads,TYPE,-1,-1;ST_RNG ST_RNG true false false 10 Long 0 10 ,First,#,F:\Shared\Users\Karis\sc_roads\route.roads,ST_RNG,-1,-1;END_RNG END_RNG true false false 10 Long 0 10 ,First,#,F:\Shared\Users\Karis\sc_roads\route.roads,END_RNG,-1,-1" # "Database Connections\sql3@sdeadm@TempSDE(5152).sde\TempSDE.SDEADM.Transportation\TempSDE.SDEADM.test_route"</Process><Process Name="FeatureClassToFeatureClass_1" ToolSource="C:\Program Files\ArcGIS\ArcToolbox\Toolboxes\Conversion Tools.tbx\FeatureClassToFeatureClass" Date="20080117" Time="082627">FeatureClassToFeatureClass "Database Connections\sql3@sdeadm@TempSDE(5152).sde\TempSDE.SDEADM.Transportation\TempSDE.SDEADM.MP_Route" "Database Connections\sdeadm@scgis(5151)@SQL3.sde" SC_Roads_rts # "ROADS_ ROADS_ false true true 4 Long 0 10 ,First,#,Database Connections\sql3@sdeadm@TempSDE(5152).sde\TempSDE.SDEADM.Transportation\TempSDE.SDEADM.MP_Route,ROADS_,-1,-1;ROADS_ID ROADS_ID true true true 4 Long 0 10 ,First,#,Database Connections\sql3@sdeadm@TempSDE(5152).sde\TempSDE.SDEADM.Transportation\TempSDE.SDEADM.MP_Route,ROADS_ID,-1,-1;ROAD_NO ROAD_NO true true false 5 Text 0 0 ,First,#,Database Connections\sql3@sdeadm@TempSDE(5152).sde\TempSDE.SDEADM.Transportation\TempSDE.SDEADM.MP_Route,ROAD_NO,-1,-1;ROAD_NM ROAD_NM true true false 60 Text 0 0 ,First,#,Database Connections\sql3@sdeadm@TempSDE(5152).sde\TempSDE.SDEADM.Transportation\TempSDE.SDEADM.MP_Route,ROAD_NM,-1,-1;ROAD_DES ROAD_DES true true false 25 Text 0 0 ,First,#,Database Connections\sql3@sdeadm@TempSDE(5152).sde\TempSDE.SDEADM.Transportation\TempSDE.SDEADM.MP_Route,ROAD_DES,-1,-1;DIR DIR true true false 3 Text 0 0 ,First,#,Database Connections\sql3@sdeadm@TempSDE(5152).sde\TempSDE.SDEADM.Transportation\TempSDE.SDEADM.MP_Route,DIR,-1,-1;TYPE TYPE true true false 1 Text 0 0 ,First,#,Database Connections\sql3@sdeadm@TempSDE(5152).sde\TempSDE.SDEADM.Transportation\TempSDE.SDEADM.MP_Route,TYPE,-1,-1;ST_RNG ST_RNG true true false 4 Long 0 10 ,First,#,Database Connections\sql3@sdeadm@TempSDE(5152).sde\TempSDE.SDEADM.Transportation\TempSDE.SDEADM.MP_Route,ST_RNG,-1,-1;END_RNG END_RNG true true false 4 Long 0 10 ,First,#,Database Connections\sql3@sdeadm@TempSDE(5152).sde\TempSDE.SDEADM.Transportation\TempSDE.SDEADM.MP_Route,END_RNG,-1,-1;len len false false true 0 Double 0 0 ,First,#,Database Connections\sql3@sdeadm@TempSDE(5152).sde\TempSDE.SDEADM.Transportation\TempSDE.SDEADM.MP_Route,Shape.len,-1,-1" # "Database Connections\sdeadm@scgis(5151)@SQL3.sde\scgis.SDEADM.SC_Roads_rts"</Process><Process Name="FeatureClassToFeatureClass_2" ToolSource="C:\Program Files\ArcGIS\ArcToolbox\Toolboxes\Conversion Tools.tbx\FeatureClassToFeatureClass" Date="20080118" Time="095947">FeatureClassToFeatureClass "Database Connections\SQLNTMV3_scgis_5151.sde\scgis.SDEADM.SC_Roads_rts" E:\Gis_Work\c_lines\Lin_Ref_Testing\Lin_Ref_Test.gdb FT_Roads_rte # "ROAD_NO ROAD_NO true true false 5 Text 0 0 ,First,#,Database Connections\SQLNTMV3_scgis_5151.sde\scgis.SDEADM.SC_Roads_rts,ROAD_NO,-1,-1;ROAD_NM ROAD_NM true true false 60 Text 0 0 ,First,#,Database Connections\SQLNTMV3_scgis_5151.sde\scgis.SDEADM.SC_Roads_rts,ROAD_NM,-1,-1;ROAD_DES ROAD_DES true true false 25 Text 0 0 ,First,#,Database Connections\SQLNTMV3_scgis_5151.sde\scgis.SDEADM.SC_Roads_rts,ROAD_DES,-1,-1;DIR DIR true true false 3 Text 0 0 ,First,#,Database Connections\SQLNTMV3_scgis_5151.sde\scgis.SDEADM.SC_Roads_rts,DIR,-1,-1;TYPE TYPE true true false 1 Text 0 0 ,First,#,Database Connections\SQLNTMV3_scgis_5151.sde\scgis.SDEADM.SC_Roads_rts,TYPE,-1,-1;ST_RNG ST_RNG true true false 4 Long 0 10 ,First,#,Database Connections\SQLNTMV3_scgis_5151.sde\scgis.SDEADM.SC_Roads_rts,ST_RNG,-1,-1;END_RNG END_RNG true true false 4 Long 0 10 ,First,#,Database Connections\SQLNTMV3_scgis_5151.sde\scgis.SDEADM.SC_Roads_rts,END_RNG,-1,-1" # E:\Gis_Work\c_lines\Lin_Ref_Testing\Lin_Ref_Test.gdb\FT_Roads_rte</Process><Process Name="FeatureClassToFeatureClass_4" ToolSource="C:\Program Files\ArcGIS\ArcToolbox\Toolboxes\Conversion Tools.tbx\FeatureClassToFeatureClass" Date="20080118" Time="100636">FeatureClassToFeatureClass E:\Gis_Work\c_lines\Lin_Ref_Testing\Lin_Ref_Test.gdb\FT_Roads_rte E:\Gis_Work\c_lines\Lin_Ref_Testing\Lin_Ref_Test.gdb\Transportation_Test FT_Roads_rte1 # "ROAD_NO ROAD_NO true true false 5 Text 0 0 ,First,#,E:\Gis_Work\c_lines\Lin_Ref_Testing\Lin_Ref_Test.gdb\FT_Roads_rte,ROAD_NO,-1,-1;ROAD_NM ROAD_NM true true false 60 Text 0 0 ,First,#,E:\Gis_Work\c_lines\Lin_Ref_Testing\Lin_Ref_Test.gdb\FT_Roads_rte,ROAD_NM,-1,-1;ROAD_DES ROAD_DES true true false 25 Text 0 0 ,First,#,E:\Gis_Work\c_lines\Lin_Ref_Testing\Lin_Ref_Test.gdb\FT_Roads_rte,ROAD_DES,-1,-1;DIR DIR true true false 3 Text 0 0 ,First,#,E:\Gis_Work\c_lines\Lin_Ref_Testing\Lin_Ref_Test.gdb\FT_Roads_rte,DIR,-1,-1;TYPE TYPE true true false 1 Text 0 0 ,First,#,E:\Gis_Work\c_lines\Lin_Ref_Testing\Lin_Ref_Test.gdb\FT_Roads_rte,TYPE,-1,-1;ST_RNG ST_RNG true true false 4 Long 0 0 ,First,#,E:\Gis_Work\c_lines\Lin_Ref_Testing\Lin_Ref_Test.gdb\FT_Roads_rte,ST_RNG,-1,-1;END_RNG END_RNG true true false 4 Long 0 0 ,First,#,E:\Gis_Work\c_lines\Lin_Ref_Testing\Lin_Ref_Test.gdb\FT_Roads_rte,END_RNG,-1,-1" # E:\Gis_Work\c_lines\Lin_Ref_Testing\Lin_Ref_Test.gdb\Transportation_Test\FT_Roads_rte1</Process><Process Name="FeatureClassToFeatureClass_2" ToolSource="C:\Program Files\ArcGIS\ArcToolbox\Toolboxes\Conversion Tools.tbx\FeatureClassToFeatureClass" Date="20080318" Time="074144">FeatureClassToFeatureClass \\Admntmv1\Mapping\Shared\Users\Karis\Lin_Ref_Test.gdb\Transportation_Test\FT_Roads_rte "Database Connections\sql3@sdeadm@GisWork(5156).sde\GisWork.SDEADM.Transportation" FT_Roads_rte # "ROAD_NO ROAD_NO true true false 5 Text 0 0 ,First,#,\\Admntmv1\Mapping\Shared\Users\Karis\Lin_Ref_Test.gdb\Transportation_Test\FT_Roads_rte,ROAD_NO,-1,-1;ROAD_NM ROAD_NM true true false 60 Text 0 0 ,First,#,\\Admntmv1\Mapping\Shared\Users\Karis\Lin_Ref_Test.gdb\Transportation_Test\FT_Roads_rte,ROAD_NM,-1,-1;ROAD_DES ROAD_DES true true false 25 Text 0 0 ,First,#,\\Admntmv1\Mapping\Shared\Users\Karis\Lin_Ref_Test.gdb\Transportation_Test\FT_Roads_rte,ROAD_DES,-1,-1;TYPE TYPE true true false 3 Text 0 0 ,First,#,\\Admntmv1\Mapping\Shared\Users\Karis\Lin_Ref_Test.gdb\Transportation_Test\FT_Roads_rte,TYPE,-1,-1" # "Database Connections\sql3@sdeadm@GisWork(5156).sde\GisWork.SDEADM.Transportation\GisWork.SDEADM.FT_Roads_rte"</Process><Process Name="FeatureClassToFeatureClass_4" ToolSource="C:\Program Files\ArcGIS\ArcToolbox\Toolboxes\Conversion Tools.tbx\FeatureClassToFeatureClass" Date="20080917" Time="065301">FeatureClassToFeatureClass "Database Connections\sql3@sdeadm@GisWork(5156).sde\GisWork.SDEADM.FT_Roads_rte" \\Admntmv1\GisData\Archive\GISWork\GISWork.gdb FT_Roads_rte # "ROAD_NO ROAD_NO true true false 5 Text 0 0 ,First,#,Database Connections\sql3@sdeadm@GisWork(5156).sde\GisWork.SDEADM.FT_Roads_rte,ROAD_NO,-1,-1;ROAD_NM ROAD_NM true true false 60 Text 0 0 ,First,#,Database Connections\sql3@sdeadm@GisWork(5156).sde\GisWork.SDEADM.FT_Roads_rte,ROAD_NM,-1,-1;ROAD_DES ROAD_DES true true false 25 Text 0 0 ,First,#,Database Connections\sql3@sdeadm@GisWork(5156).sde\GisWork.SDEADM.FT_Roads_rte,ROAD_DES,-1,-1;TYPE TYPE true true false 3 Text 0 0 ,First,#,Database Connections\sql3@sdeadm@GisWork(5156).sde\GisWork.SDEADM.FT_Roads_rte,TYPE,-1,-1" # \\Admntmv1\GisData\Archive\GISWork\GISWork.gdb\FT_Roads_rte</Process><Process ToolSource="C:\Program Files\ArcGIS\ArcToolbox\Toolboxes\Data Management Tools.tbx\CopyFeatures" Date="20080917" Time="080806">CopyFeatures \\Admntmv1\GisData\Archive\GISWork\GISWork.gdb\FT_Roads_rte "Database Connections\sql3@sdeadm@GisWork(5156).sde\GisWork.SDEADM.FT_Roads_rte" # 0 0 0</Process><Process ToolSource="C:\Program Files (x86)\ArcGIS\Desktop10.0\ArcToolbox\Toolboxes\Data Management Tools.tbx\AddGlobalIDs" Date="20120910" Time="140113">AddGlobalIDs C:\Users\janiceb\AppData\Roaming\ESRI\Desktop10.0\ArcCatalog\sqlvm3_giswork.sde\GisWork.SDEADM.FT_Roads_rte</Process><Process ToolSource="c:\program files (x86)\arcgis\desktop10.4\ArcToolbox\Toolboxes\Data Management Tools.tbx\ChangePrivileges" Date="20170809" Time="145227">ChangePrivileges 'Database Connections\Inside_GisWork.sde\GisWork.SDEADM.FT_Roads_rte' gis GRANT AS_IS</Process><Process ToolSource="c:\program files\arcgis\pro\Resources\ArcToolbox\toolboxes\Data Management Tools.tbx\CalculateField" Date="20210702" Time="083206">CalculateField "Editing Version GISWORK\FT_Roads_rte (Edit Version)" ROAD_NM !ROAD_NM!.upper() "Python 3" # Text NO_ENFORCE_DOMAINS</Process><Process ToolSource="c:\program files\arcgis\pro\Resources\ArcToolbox\toolboxes\Data Management Tools.tbx\CalculateField" Date="20220127" Time="180151">CalculateField "Editing Version GISWORK\FT_Roads_rte (Edit Version)" ROAD_NM !ROAD_NM!.upper() "Python 3" # Text NO_ENFORCE_DOMAINS</Process><Process ToolSource="c:\program files\arcgis\pro\Resources\ArcToolbox\toolboxes\Data Management Tools.tbx\CalculateField" Date="20251021" Time="110259">CalculateField "Editing Version GISWORK\FT_Roads_rte (Edit Version)" ROAD_DES Proper("WAY") Arcade # Text NO_ENFORCE_DOMAINS</Process><Process ToolSource="c:\program files\arcgis\pro\Resources\ArcToolbox\toolboxes\Data Management Tools.tbx\CalculateField" Date="20251021" Time="133550">CalculateField "Editing Version GISWORK\FT_Roads_rte (Edit Version)" ROAD_DES Proper("TRAIL") Arcade # Text NO_ENFORCE_DOMAINS</Process><Process ToolSource="c:\program files\arcgis\pro\Resources\ArcToolbox\toolboxes\Data Management Tools.tbx\CalculateField" Date="20251021" Time="144036">CalculateField "Editing Version GISWORK\FT_Roads_rte (Edit Version)" ROAD_DES Proper("WAY") Arcade # Text NO_ENFORCE_DOMAINS</Process><Process ToolSource="c:\program files\arcgis\pro\Resources\ArcToolbox\toolboxes\Data Management Tools.tbx\CalculateField" Date="20251021" Time="155717">CalculateField "Editing Version GISWORK\FT_Roads_rte (Edit Version)" ROAD_DES Proper("TRAIL") Arcade # Text NO_ENFORCE_DOMAINS</Process><Process ToolSource="c:\program files\arcgis\pro\Resources\ArcToolbox\toolboxes\Data Management Tools.tbx\CalculateField" Date="20251022" Time="112038">CalculateField "Editing Version GISWORK\FT_Roads_rte (Edit Version)" ROAD_DES Proper("AVENUE") Arcade # Text NO_ENFORCE_DOMAINS</Process><Process ToolSource="c:\program files\arcgis\pro\Resources\ArcToolbox\toolboxes\Data Management Tools.tbx\CalculateField" Date="20251028" Time="162601">CalculateField "Editing Version GISWORK\FT_Roads_rte (Edit Version)" ROAD_DES Proper("AVENUE") Arcade # Text NO_ENFORCE_DOMAINS</Process><Process ToolSource="c:\program files\arcgis\pro\Resources\ArcToolbox\toolboxes\Data Management Tools.tbx\CopyFeatures" Date="20251205" Time="030027">CopyFeatures temp \\skagit\dept\GISPublic\AccessGIS\Roads\Roads-Named.shp # 0 0 0</Process></lineage><itemProps><itemName Sync="TRUE">Roads-Named</itemName><imsContentType Sync="TRUE">002</imsContentType><nativeExtBox><westBL Sync="TRUE">1187210.372000</westBL><eastBL Sync="TRUE">1692069.651000</eastBL><southBL Sync="TRUE">473662.203000</southBL><northBL Sync="TRUE">669264.372000</northBL><exTypeCode Sync="TRUE">1</exTypeCode></nativeExtBox><itemLocation><linkage Sync="TRUE">file://\\skagit\dept\GISPublic\AccessGIS\Roads\Roads-Named.shp</linkage><protocol Sync="TRUE">Local Area Network</protocol></itemLocation><itemSize Sync="TRUE">0.000</itemSize></itemProps><coordRef><type Sync="TRUE">Projected</type><geogcsn Sync="TRUE">GCS_North_American_1983</geogcsn><csUnits Sync="TRUE">Linear Unit: Foot_US (0.304801)</csUnits><projcsn Sync="TRUE">NAD_1983_StatePlane_Washington_North_FIPS_4601_Feet</projcsn><peXml Sync="TRUE">&lt;ProjectedCoordinateSystem xsi:type='typens:ProjectedCoordinateSystem' xmlns:xsi='http://www.w3.org/2001/XMLSchema-instance' xmlns:xs='http://www.w3.org/2001/XMLSchema' xmlns:typens='http://www.esri.com/schemas/ArcGIS/2.9.0'&gt;&lt;WKT&gt;PROJCS[&amp;quot;NAD_1983_StatePlane_Washington_North_FIPS_4601_Feet&amp;quot;,GEOGCS[&amp;quot;GCS_North_American_1983&amp;quot;,DATUM[&amp;quot;D_North_American_1983&amp;quot;,SPHEROID[&amp;quot;GRS_1980&amp;quot;,6378137.0,298.257222101]],PRIMEM[&amp;quot;Greenwich&amp;quot;,0.0],UNIT[&amp;quot;Degree&amp;quot;,0.0174532925199433]],PROJECTION[&amp;quot;Lambert_Conformal_Conic&amp;quot;],PARAMETER[&amp;quot;False_Easting&amp;quot;,1640416.666666667],PARAMETER[&amp;quot;False_Northing&amp;quot;,0.0],PARAMETER[&amp;quot;Central_Meridian&amp;quot;,-120.8333333333333],PARAMETER[&amp;quot;Standard_Parallel_1&amp;quot;,47.5],PARAMETER[&amp;quot;Standard_Parallel_2&amp;quot;,48.73333333333333],PARAMETER[&amp;quot;Latitude_Of_Origin&amp;quot;,47.0],UNIT[&amp;quot;Foot_US&amp;quot;,0.3048006096012192],AUTHORITY[&amp;quot;EPSG&amp;quot;,2285]]&lt;/WKT&gt;&lt;XOrigin&gt;-117104300&lt;/XOrigin&gt;&lt;YOrigin&gt;-99539600&lt;/YOrigin&gt;&lt;XYScale&gt;37926742.22403606&lt;/XYScale&gt;&lt;ZOrigin&gt;-100000&lt;/ZOrigin&gt;&lt;ZScale&gt;10000&lt;/ZScale&gt;&lt;MOrigin&gt;-100000&lt;/MOrigin&gt;&lt;MScale&gt;10000&lt;/MScale&gt;&lt;XYTolerance&gt;0.0032808333333333331&lt;/XYTolerance&gt;&lt;ZTolerance&gt;0.001&lt;/ZTolerance&gt;&lt;MTolerance&gt;0.001&lt;/MTolerance&gt;&lt;HighPrecision&gt;true&lt;/HighPrecision&gt;&lt;WKID&gt;102748&lt;/WKID&gt;&lt;LatestWKID&gt;2285&lt;/LatestWKID&gt;&lt;/ProjectedCoordinateSystem&gt;</peXml></coordRef></DataProperties><MetaID>{8C0B4FAF-0069-435A-86C5-AB75045B764D}</MetaID></Esri><dataIdInfo><envirDesc Sync="TRUE">Microsoft Windows Server 2016 Technical Preview Version 10.0 (Build 17763) ; Esri ArcGIS 12.9.13.32739</envirDesc><dataLang><languageCode Sync="TRUE" value="eng"/><countryCode value="USA" Sync="TRUE"/></dataLang><idCitation><resTitle Sync="TRUE">Roads-Named</resTitle><presForm><PresFormCd Sync="TRUE" value="005"/></presForm></idCitation><spatRpType><SpatRepTypCd Sync="TRUE" value="001"/></spatRpType><geoBox esriExtentType="decdegrees"><westBL Sync="TRUE">-122.708025</westBL><eastBL Sync="TRUE">-120.734109</eastBL><northBL Sync="TRUE">48.657703</northBL><southBL Sync="TRUE">48.283484</southBL><exTypeCode Sync="TRUE">1</exTypeCode></geoBox><dataExt><geoEle><GeoBndBox esriExtentType="native"><westBL Sync="TRUE">1187210.372</westBL><eastBL Sync="TRUE">1664399.431</eastBL><northBL Sync="TRUE">604700.529</northBL><southBL Sync="TRUE">473662.203</southBL><exTypeCode Sync="TRUE">1</exTypeCode></GeoBndBox></geoEle></dataExt><dataExt><geoEle><GeoBndBox esriExtentType="search"><exTypeCode Sync="TRUE">1</exTypeCode><westBL Sync="TRUE">-122.714552</westBL><eastBL Sync="TRUE">-120.618884</eastBL><northBL Sync="TRUE">48.834665</northBL><southBL Sync="TRUE">48.283484</southBL></GeoBndBox></geoEle></dataExt></dataIdInfo><mdLang><languageCode Sync="TRUE" value="eng"/><countryCode value="USA" Sync="TRUE"/></mdLang><mdStanName Sync="TRUE">ISO 19115 Geographic Information - Metadata</mdStanName><mdStanVer Sync="TRUE">DIS_ESRI1.0</mdStanVer><mdChar><CharSetCd Sync="TRUE" value="004"/></mdChar><mdHrLv><ScopeCd Sync="TRUE" value="005"/></mdHrLv><mdHrLvName Sync="TRUE">dataset</mdHrLvName><distInfo><distributor><distorTran><onLineSrc><orDesc Sync="TRUE">002</orDesc><linkage Sync="TRUE">Server=SQLNTMV3; Service=5156; Database=GisWork; User=skagit\sdeadm; Version=sde.DEFAULT</linkage><protocol Sync="TRUE">ArcSDE Connection</protocol></onLineSrc><transSize Sync="TRUE">7.822</transSize></distorTran><distorFormat><formatName Sync="TRUE">SDE Feature Class</formatName></distorFormat></distributor><distFormat><formatName Sync="TRUE">Shapefile</formatName></distFormat><distTranOps><transSize Sync="TRUE">0.000</transSize></distTranOps></distInfo><refSysInfo><RefSystem><refSysID><identCode Sync="TRUE" code="2285">NAD_1983_StatePlane_Washington_North_FIPS_4601_Feet</identCode><idCodeSpace Sync="TRUE">EPSG</idCodeSpace><idVersion Sync="TRUE">5.3(9.0.0)</idVersion></refSysID></RefSystem></refSysInfo><spatRepInfo><VectSpatRep><geometObjs Name="Roads-Named"><geoObjTyp><GeoObjTypCd value="002" Sync="TRUE"></GeoObjTypCd></geoObjTyp><geoObjCnt Sync="TRUE">0</geoObjCnt></geometObjs><topLvl><TopoLevCd value="001" Sync="TRUE"></TopoLevCd></topLvl></VectSpatRep></spatRepInfo><mdDateSt Sync="TRUE">20251205</mdDateSt></metadata>
