<metadata><idinfo><citation><citeinfo><origin>REQUIRED: The name of an organization or individual that developed the data set.</origin><pubdate>REQUIRED: The date when the data set is published or otherwise made available for release.</pubdate><title Sync="TRUE">scgis.SDEADM.VotingPrecincts_poly</title><geoform Sync="TRUE">vector digital data</geoform><onlink Sync="TRUE">Server=SQLNTMV3; Service=sde92:sqlserver:SQLNTMV3\sql2005; Database=scgis; Version=sde.DEFAULT</onlink><ftname Sync="TRUE">scgis.SDEADM.VotingPrecincts_poly</ftname></citeinfo></citation><descript><abstract>The Skagit County Voting Precinct polygon dataset is intended to depict all voting precincts as they are currently described by the Skagit County Auditor's Office.</abstract><purpose>The Skagit County Voting Precincts dataset was developed to provide county employees and the public a view of the voting-related boundaries in relation to County geographic features.</purpose><langdata Sync="TRUE">en</langdata></descript><timeperd><timeinfo><sngdate><caldate>REQUIRED: The year (and optionally month, or month and day) for which the data set corresponds to the ground.</caldate></sngdate></timeinfo><current>REQUIRED: The basis on which the time period of content information is determined.</current></timeperd><status><progress>REQUIRED: The state of the data set.</progress><update>REQUIRED: The frequency with which changes and additions are made to the data set after the initial data set is completed.</update></status><spdom><bounding><westbc Sync="TRUE">-122.761614</westbc><eastbc Sync="TRUE">-120.685126</eastbc><northbc Sync="TRUE">48.657834</northbc><southbc Sync="TRUE">48.279783</southbc></bounding><lboundng><leftbc Sync="TRUE">1174250.968000</leftbc><rightbc Sync="TRUE">1676238.558000</rightbc><bottombc Sync="TRUE">472629.735000</bottombc><topbc Sync="TRUE">604748.104000</topbc></lboundng></spdom><keywords><theme><themekt>REQUIRED: Reference to a formally registered thesaurus or a similar authoritative source of theme keywords.</themekt><themekey>voting</themekey><themekey>precinct</themekey></theme></keywords><accconst>REQUIRED: Restrictions and legal prerequisites for accessing the data set.</accconst><useconst>REQUIRED: Restrictions and legal prerequisites for using the data set after access is granted.</useconst><native Sync="TRUE">Microsoft Windows XP Version 5.1 (Build 2600) Service Pack 3; ESRI ArcCatalog 9.3.1.4000</native><natvform Sync="TRUE">SDE Feature Class</natvform></idinfo><spdoinfo><direct Sync="TRUE">Vector</direct><ptvctinf><esriterm Name="VotingPrecincts"><efeatyp Sync="TRUE">Simple</efeatyp><efeageom code="4" Sync="TRUE"></efeageom><esritopo Sync="TRUE">FALSE</esritopo><efeacnt Sync="TRUE">0</efeacnt><spindex Sync="TRUE">FALSE</spindex><linrefer Sync="TRUE">FALSE</linrefer></esriterm></ptvctinf></spdoinfo><spref><horizsys><planar><planci><plance Sync="TRUE">coordinate pair</plance><coordrep><absres Sync="TRUE">0.001000</absres><ordres Sync="TRUE">0.001000</ordres></coordrep><plandu Sync="TRUE">survey feet</plandu></planci></planar><geodetic><horizdn Sync="TRUE">North American Datum of 1983</horizdn><ellips Sync="TRUE">Geodetic Reference System 80</ellips><semiaxis Sync="TRUE">6378137.000000</semiaxis><denflat Sync="TRUE">298.257222</denflat></geodetic><cordsysn><geogcsn Sync="TRUE">GCS_North_American_1983</geogcsn><projcsn Sync="TRUE">NAD_1983_StatePlane_Washington_North_FIPS_4601_Feet</projcsn></cordsysn></horizsys><vertdef><altsys><altres Sync="TRUE">1.000000</altres><altenc Sync="TRUE">Explicit elevation coordinate included with horizontal coordinates</altenc></altsys></vertdef></spref><eainfo><detailed Name="VotingPrecincts"><attr><attrlabl>STATUS</attrlabl><attalias Sync="TRUE">STATUS</attalias><attrtype Sync="TRUE">String</attrtype><attwidth Sync="TRUE">50</attwidth><atprecis Sync="TRUE">0</atprecis><attscale Sync="TRUE">0</attscale></attr><attr><attrlabl Sync="TRUE">Shape</attrlabl><attalias Sync="TRUE">FID</attalias><attrtype Sync="TRUE">OID</attrtype><attwidth Sync="TRUE">4</attwidth><atprecis Sync="TRUE">0</atprecis><attscale Sync="TRUE">0</attscale><attrdef Sync="TRUE">Feature geometry.</attrdef><attrdefs Sync="TRUE">ESRI</attrdefs><attrdomv><udom Sync="TRUE">Coordinates defining the features.</udom></attrdomv></attr><enttyp><enttypl Sync="TRUE">VotingPrecincts</enttypl><enttypt Sync="TRUE">Feature Class</enttypt><enttypc Sync="TRUE">0</enttypc></enttyp><attr><attrlabl>PRECINCT</attrlabl><attalias Sync="TRUE">PRECINCT</attalias><attrtype Sync="TRUE">String</attrtype><attwidth Sync="TRUE">50</attwidth><atprecis Sync="TRUE">0</atprecis><attscale Sync="TRUE">0</attscale></attr><attr><attrlabl>SHAPE</attrlabl><attrdef>Feature geometry.</attrdef><attrdefs>ESRI</attrdefs><attrdomv><udom>Coordinates defining the features.</udom></attrdomv><attalias Sync="TRUE">PREC_NO</attalias><attrtype Sync="TRUE">Integer</attrtype><attwidth Sync="TRUE">10</attwidth><atprecis Sync="TRUE">10</atprecis><attscale Sync="TRUE">0</attscale></attr><attr><attrlabl Sync="TRUE">PREC_NO</attrlabl><attalias Sync="TRUE">Shape</attalias><attrtype Sync="TRUE">Geometry</attrtype><attwidth Sync="TRUE">0</attwidth><atprecis Sync="TRUE">0</atprecis><attscale Sync="TRUE">0</attscale><attrdef Sync="TRUE">Feature geometry.</attrdef><attrdefs Sync="TRUE">Esri</attrdefs><attrdomv><udom Sync="TRUE">Coordinates defining the features.</udom></attrdomv></attr><attr><attrlabl Sync="TRUE">GlobalID</attrlabl><attalias Sync="TRUE">GlobalID</attalias><attrtype Sync="TRUE">String</attrtype><attwidth Sync="TRUE">38</attwidth><atprecis Sync="TRUE">0</atprecis><attscale Sync="TRUE">0</attscale></attr><attr><attrlabl Sync="TRUE">Shape_STAr</attrlabl><attalias Sync="TRUE">Shape_STAr</attalias><attrtype Sync="TRUE">Double</attrtype><attwidth Sync="TRUE">19</attwidth><atprecis Sync="TRUE">0</atprecis><attscale Sync="TRUE">0</attscale></attr><attr><attrlabl Sync="TRUE">Shape_STLe</attrlabl><attalias Sync="TRUE">Shape_STLe</attalias><attrtype Sync="TRUE">Double</attrtype><attwidth Sync="TRUE">19</attwidth><atprecis Sync="TRUE">0</atprecis><attscale Sync="TRUE">0</attscale></attr></detailed></eainfo><distinfo><resdesc>Downloadable Data</resdesc></distinfo><metainfo><metd Sync="TRUE">20120416</metd><metc><cntinfo><cntorgp><cntorg>REQUIRED: The organization responsible for the metadata information.</cntorg><cntper>REQUIRED: The person responsible for the metadata information.</cntper></cntorgp><cntaddr><addrtype>REQUIRED: The mailing and/or physical address for the organization or individual.</addrtype><city>REQUIRED: The city of the address.</city><state>REQUIRED: The state or province of the address.</state><postal>REQUIRED: The ZIP or other postal code of the address.</postal></cntaddr><cntvoice>REQUIRED: The telephone number by which individuals can speak to the organization or individual.</cntvoice></cntinfo></metc><metstdn Sync="TRUE">FGDC Content Standards for Digital Geospatial Metadata</metstdn><metstdv Sync="TRUE">FGDC-STD-001-1998</metstdv><mettc Sync="TRUE">local time</mettc><metextns><onlink>http://www.esri.com/metadata/esriprof80.html</onlink><metprof>ESRI Metadata Profile</metprof></metextns><langmeta Sync="TRUE">en</langmeta></metainfo><Esri><CreaDate>20110519</CreaDate><CreaTime>08293700</CreaTime><SyncOnce>FALSE</SyncOnce><SyncDate>20251208</SyncDate><SyncTime>03014400</SyncTime><ModDate>20251208</ModDate><ModTime>03014400</ModTime><DataProperties><lineage><Process Name="Project_4" ToolSource="C:\Program Files\ArcGIS\ArcToolbox\Toolboxes\Data Management Tools.tbx\Project" Date="20080321" Time="102623">Project E:\Gis_Work\vot_precinct\VotingPrecincts_Currentx.mdb\VotingPrecincts_poly E:\Gis_Work\vot_precinct\VotingPrecincts_Current.gdb\VotingPrecincts_poly PROJCS['NAD_1983_StatePlane_Washington_North_FIPS_4601_Feet',GEOGCS['GCS_North_American_1983',DATUM['D_North_American_1983',SPHEROID['GRS_1980',6378137.0,298.257222101]],PRIMEM['Greenwich',0.0],UNIT['Degree',0.0174532925199433]],PROJECTION['Lambert_Conformal_Conic'],PARAMETER['False_Easting',1640416.666666667],PARAMETER['False_Northing',0.0],PARAMETER['Central_Meridian',-120.8333333333333],PARAMETER['Standard_Parallel_1',47.5],PARAMETER['Standard_Parallel_2',48.73333333333333],PARAMETER['Latitude_Of_Origin',47.0],UNIT['Foot_US',0.3048006096012192]] NAD_1927_To_NAD_1983_NADCON PROJCS['NAD_1927_StatePlane_Washington_North_FIPS_4601',GEOGCS['GCS_North_American_1927',DATUM['D_North_American_1927',SPHEROID['Clarke_1866',6378206.4,294.9786982]],PRIMEM['Greenwich',0.0],UNIT['Degree',0.0174532925199433]],PROJECTION['Lambert_Conformal_Conic'],PARAMETER['False_Easting',2000000.0],PARAMETER['False_Northing',0.0],PARAMETER['Central_Meridian',-120.8333333333333],PARAMETER['Standard_Parallel_1',47.5],PARAMETER['Standard_Parallel_2',48.73333333333333],PARAMETER['Latitude_Of_Origin',47.0],UNIT['Foot_US',0.3048006096012192]]</Process><Process Name="FeatureClassToFeatureClass_15" ToolSource="C:\Program Files\ArcGIS\ArcToolbox\Toolboxes\Conversion Tools.tbx\FeatureClassToFeatureClass" Date="20080321" Time="105708">FeatureClassToFeatureClass E:\Gis_Work\vot_precinct\VotingPrecincts_Current.gdb\VotingPrecincts_poly E:\Gis_Work\vot_precinct\Voting_Prec_Edits_2008\VP_Changes_2008.gdb VotingPrecincts_poly_Pre08chgs # "PRECINCT PRECINCT true true false 50 Text 0 0 ,First,#,E:\Gis_Work\vot_precinct\VotingPrecincts_Current.gdb\VotingPrecincts_poly,PRECINCT,-1,-1;WARD WARD true true false 50 Text 0 0 ,First,#,E:\Gis_Work\vot_precinct\VotingPrecincts_Current.gdb\VotingPrecincts_poly,WARD,-1,-1;STATUS STATUS true true false 50 Text 0 0 ,First,#,E:\Gis_Work\vot_precinct\VotingPrecincts_Current.gdb\VotingPrecincts_poly,STATUS,-1,-1" # E:\Gis_Work\vot_precinct\Voting_Prec_Edits_2008\VP_Changes_2008.gdb\VotingPrecincts_poly_Pre08chgs</Process><Process Name="FeatureClassToFeatureClass_1" ToolSource="C:\Program Files\ArcGIS\ArcToolbox\Toolboxes\Conversion Tools.tbx\FeatureClassToFeatureClass" Date="20080418" Time="071026">FeatureClassToFeatureClass E:\Gis_Work\vot_precinct\Voting_Prec_Edits_2008\VP_Changes_2008.gdb\VotingPrecincts_poly_w08chgs E:\Gis_Work\vot_precinct\VotingPrecincts_Current.gdb VotingPrecincts_poly # "PRECINCT PRECINCT true true false 50 Text 0 0 ,First,#,E:\Gis_Work\vot_precinct\Voting_Prec_Edits_2008\VP_Changes_2008.gdb\VotingPrecincts_poly_w08chgs,PRECINCT,-1,-1;WARD WARD true true false 50 Text 0 0 ,First,#,E:\Gis_Work\vot_precinct\Voting_Prec_Edits_2008\VP_Changes_2008.gdb\VotingPrecincts_poly_w08chgs,WARD,-1,-1;STATUS STATUS true true false 50 Text 0 0 ,First,#,E:\Gis_Work\vot_precinct\Voting_Prec_Edits_2008\VP_Changes_2008.gdb\VotingPrecincts_poly_w08chgs,STATUS,-1,-1;Shape_Length Shape_Length false true true 8 Double 0 0 ,First,#,E:\Gis_Work\vot_precinct\Voting_Prec_Edits_2008\VP_Changes_2008.gdb\VotingPrecincts_poly_w08chgs,Shape_Length,-1,-1;Shape_Area Shape_Area false true true 8 Double 0 0 ,First,#,E:\Gis_Work\vot_precinct\Voting_Prec_Edits_2008\VP_Changes_2008.gdb\VotingPrecincts_poly_w08chgs,Shape_Area,-1,-1;PREC_NO PREC_NO true true false 4 Long 0 0 ,First,#,E:\Gis_Work\vot_precinct\Voting_Prec_Edits_2008\VP_Changes_2008.gdb\VotingPrecincts_poly_w08chgs,PREC_NO,-1,-1" # E:\Gis_Work\vot_precinct\VotingPrecincts_Current.gdb\VotingPrecincts_poly</Process><Process ToolSource="C:\Program Files\ArcGIS\Desktop10.0\ArcToolbox\Toolboxes\Conversion Tools.tbx\FeatureClassToFeatureClass" Date="20110222" Time="112947">FeatureClassToFeatureClass E:\GIS_Work\Auditor\vot_precinct\VotingPrecincts_Current.gdb\VotingPrecincts_poly E:\GIS_Work\Auditor\vot_precinct\Voting_Prec_Edits_2011\Pre_Redistricting_For_2010_Census_Edits\VP_Changes_2011_Pre_Redistricting2010.gdb VotingPrecincts_poly_Pre11chgs # "PRECINCT "PRECINCT" true true false 50 Text 0 0 ,First,#,E:\GIS_Work\Auditor\vot_precinct\VotingPrecincts_Current.gdb\VotingPrecincts_poly,PRECINCT,-1,-1;WARD "WARD" true true false 50 Text 0 0 ,First,#,E:\GIS_Work\Auditor\vot_precinct\VotingPrecincts_Current.gdb\VotingPrecincts_poly,WARD,-1,-1;STATUS "STATUS" true true false 50 Text 0 0 ,First,#,E:\GIS_Work\Auditor\vot_precinct\VotingPrecincts_Current.gdb\VotingPrecincts_poly,STATUS,-1,-1;PREC_NO "PREC_NO" true true false 4 Long 0 0 ,First,#,E:\GIS_Work\Auditor\vot_precinct\VotingPrecincts_Current.gdb\VotingPrecincts_poly,PREC_NO,-1,-1" #</Process><Process ToolSource="C:\Program Files\ArcGIS\Desktop10.0\ArcToolbox\Toolboxes\Conversion Tools.tbx\FeatureClassToFeatureClass" Date="20110523" Time="094319">FeatureClassToFeatureClass \\Skagit\dept\GIS\Shared\Users\Karis\VP_Changes_2011_Pre_Redistricting2010.gdb\VotingPrecincts_poly_Post11chgs "Database Connections\sql3@sdeadm@scgis(5151).sde" VotingPrecincts_poly # "PRECINCT "PRECINCT" true true false 50 Text 0 0 ,First,#,\\Skagit\dept\GIS\Shared\Users\Karis\VP_Changes_2011_Pre_Redistricting2010.gdb\VotingPrecincts_poly_Post11chgs,PRECINCT,-1,-1;WARD "WARD" true true false 50 Text 0 0 ,First,#,\\Skagit\dept\GIS\Shared\Users\Karis\VP_Changes_2011_Pre_Redistricting2010.gdb\VotingPrecincts_poly_Post11chgs,WARD,-1,-1;STATUS "STATUS" true true false 50 Text 0 0 ,First,#,\\Skagit\dept\GIS\Shared\Users\Karis\VP_Changes_2011_Pre_Redistricting2010.gdb\VotingPrecincts_poly_Post11chgs,STATUS,-1,-1;PREC_NO "PREC_NO" true true false 4 Long 0 0 ,First,#,\\Skagit\dept\GIS\Shared\Users\Karis\VP_Changes_2011_Pre_Redistricting2010.gdb\VotingPrecincts_poly_Post11chgs,PREC_NO,-1,-1" #</Process><Process ToolSource="C:\Program Files\ArcGIS\Desktop10.0\ArcToolbox\Toolboxes\Data Management Tools.tbx\ChangePrivileges" Date="20110523" Time="094350">ChangePrivileges 'Database Connections\sql3@sdeadm@scgis(5151).sde\scgis.SDEADM.VotingPrecincts_poly' gis AS_IS #</Process><Process ToolSource="C:\Program Files\ArcGIS\Desktop10.0\ArcToolbox\Toolboxes\Data Management Tools.tbx\ChangePrivileges" Date="20110523" Time="094413">ChangePrivileges 'Database Connections\sql3@sdeadm@scgis(5151).sde\scgis.SDEADM.VotingPrecincts_poly' karis AS_IS AS_IS</Process><Process ToolSource="C:\Program Files (x86)\ArcGIS\Desktop10.0\ArcToolbox\Toolboxes\Data Management Tools.tbx\AddGlobalIDs" Date="20120910" Time="140328">AddGlobalIDs C:\Users\janiceb\AppData\Roaming\ESRI\Desktop10.0\ArcCatalog\sqlvm3_scgis.sde\scgis.SDEADM.VotingPrecincts_poly</Process><Process ToolSource="c:\program files\arcgis\pro\Resources\ArcToolbox\toolboxes\Data Management Tools.tbx\CopyFeatures" Date="20251208" Time="030144">CopyFeatures temp \\skagit\dept\GISPublic\AccessGIS\Voting\VotingPrecincts.shp # 0 0 0</Process></lineage><itemProps><itemName Sync="TRUE">VotingPrecincts</itemName><imsContentType Sync="TRUE">002</imsContentType><itemLocation><linkage Sync="TRUE">file://\\skagit\dept\GISPublic\AccessGIS\Voting\VotingPrecincts.shp</linkage><protocol Sync="TRUE">Local Area Network</protocol></itemLocation><nativeExtBox><westBL Sync="TRUE">1174250.968000</westBL><eastBL Sync="TRUE">1676238.558000</eastBL><southBL Sync="TRUE">472629.735000</southBL><northBL Sync="TRUE">604748.104000</northBL><exTypeCode Sync="TRUE">1</exTypeCode></nativeExtBox><itemSize Sync="TRUE">0.000</itemSize></itemProps><coordRef><type Sync="TRUE">Projected</type><geogcsn Sync="TRUE">GCS_North_American_1983</geogcsn><projcsn Sync="TRUE">NAD_1983_StatePlane_Washington_North_FIPS_4601_Feet</projcsn><peXml Sync="TRUE">&lt;ProjectedCoordinateSystem xsi:type='typens:ProjectedCoordinateSystem' xmlns:xsi='http://www.w3.org/2001/XMLSchema-instance' xmlns:xs='http://www.w3.org/2001/XMLSchema' xmlns:typens='http://www.esri.com/schemas/ArcGIS/2.9.0'&gt;&lt;WKT&gt;PROJCS[&amp;quot;NAD_1983_StatePlane_Washington_North_FIPS_4601_Feet&amp;quot;,GEOGCS[&amp;quot;GCS_North_American_1983&amp;quot;,DATUM[&amp;quot;D_North_American_1983&amp;quot;,SPHEROID[&amp;quot;GRS_1980&amp;quot;,6378137.0,298.257222101]],PRIMEM[&amp;quot;Greenwich&amp;quot;,0.0],UNIT[&amp;quot;Degree&amp;quot;,0.0174532925199433]],PROJECTION[&amp;quot;Lambert_Conformal_Conic&amp;quot;],PARAMETER[&amp;quot;False_Easting&amp;quot;,1640416.666666667],PARAMETER[&amp;quot;False_Northing&amp;quot;,0.0],PARAMETER[&amp;quot;Central_Meridian&amp;quot;,-120.8333333333333],PARAMETER[&amp;quot;Standard_Parallel_1&amp;quot;,47.5],PARAMETER[&amp;quot;Standard_Parallel_2&amp;quot;,48.73333333333333],PARAMETER[&amp;quot;Latitude_Of_Origin&amp;quot;,47.0],UNIT[&amp;quot;Foot_US&amp;quot;,0.3048006096012192],AUTHORITY[&amp;quot;EPSG&amp;quot;,2285]]&lt;/WKT&gt;&lt;XOrigin&gt;-117104300&lt;/XOrigin&gt;&lt;YOrigin&gt;-99539600&lt;/YOrigin&gt;&lt;XYScale&gt;37926742.22403606&lt;/XYScale&gt;&lt;ZOrigin&gt;-100000&lt;/ZOrigin&gt;&lt;ZScale&gt;10000&lt;/ZScale&gt;&lt;MOrigin&gt;-100000&lt;/MOrigin&gt;&lt;MScale&gt;10000&lt;/MScale&gt;&lt;XYTolerance&gt;0.0032808333333333331&lt;/XYTolerance&gt;&lt;ZTolerance&gt;0.001&lt;/ZTolerance&gt;&lt;MTolerance&gt;0.001&lt;/MTolerance&gt;&lt;HighPrecision&gt;true&lt;/HighPrecision&gt;&lt;WKID&gt;102748&lt;/WKID&gt;&lt;LatestWKID&gt;2285&lt;/LatestWKID&gt;&lt;/ProjectedCoordinateSystem&gt;</peXml><csUnits Sync="TRUE">Linear Unit: Foot_US (0.304801)</csUnits></coordRef></DataProperties><ArcGISFormat>1.0</ArcGISFormat></Esri><dataqual><lineage><procstep><procdesc Sync="TRUE">Metadata imported.</procdesc><srcused Sync="TRUE">C:\DOCUME~1\karis\LOCALS~1\Temp\xml7B.tmp</srcused><date Sync="TRUE">20071016</date><time Sync="TRUE">09365200</time></procstep><procstep><procdesc Sync="TRUE">Dataset copied.</procdesc><srcused Sync="TRUE">\\WS17001\E$\Gis_Work\vot_precinct\VotingPrecincts_Currentx.mdb</srcused><date Sync="TRUE">20080321</date><time Sync="TRUE">10262200</time></procstep><procstep><procdesc Sync="TRUE">Dataset copied.</procdesc><srcused Sync="TRUE">\\WS17001\E$\Gis_Work\vot_precinct\Voting_Prec_Edits_2008\VP_Changes_2008.gdb</srcused><date Sync="TRUE">20080321</date><time Sync="TRUE">10585100</time></procstep></lineage></dataqual><dataIdInfo><envirDesc Sync="TRUE">Microsoft Windows Server 2016 Technical Preview Version 10.0 (Build 17763) ; Esri ArcGIS 12.9.13.32739</envirDesc><dataLang><languageCode Sync="TRUE" value="eng" country="US"/><countryCode value="USA" Sync="TRUE"/></dataLang><idCitation><resTitle Sync="TRUE">VotingPrecincts</resTitle><presForm><PresFormCd Sync="TRUE" value="005"/></presForm></idCitation><spatRpType><SpatRepTypCd Sync="TRUE" value="001"/></spatRpType><dataExt><geoEle><GeoBndBox esriExtentType="native"><westBL Sync="TRUE">1174250.968</westBL><eastBL Sync="TRUE">1676238.558</eastBL><northBL Sync="TRUE">604748.104</northBL><southBL Sync="TRUE">472629.735</southBL><exTypeCode Sync="TRUE">1</exTypeCode></GeoBndBox></geoEle></dataExt><geoBox esriExtentType="decdegrees"><westBL Sync="TRUE">-122.761614</westBL><eastBL Sync="TRUE">-120.685126</eastBL><northBL Sync="TRUE">48.657834</northBL><southBL Sync="TRUE">48.279783</southBL><exTypeCode Sync="TRUE">1</exTypeCode></geoBox><descKeys><thesaName uuidref="723f6998-058e-11dc-8314-0800200c9a66"/><keyword Sync="TRUE">002</keyword></descKeys><dataExt><geoEle><GeoBndBox esriExtentType="search"><exTypeCode Sync="TRUE">1</exTypeCode><westBL Sync="TRUE">-122.761614</westBL><eastBL Sync="TRUE">-120.685126</eastBL><northBL Sync="TRUE">48.657834</northBL><southBL Sync="TRUE">48.279783</southBL></GeoBndBox></geoEle></dataExt></dataIdInfo><mdLang><languageCode Sync="TRUE" value="eng"/><countryCode value="USA" Sync="TRUE"/></mdLang><mdStanName Sync="TRUE">ISO 19115 Geographic Information - Metadata</mdStanName><mdStanVer Sync="TRUE">DIS_ESRI1.0</mdStanVer><mdChar><CharSetCd Sync="TRUE" value="004"/></mdChar><mdHrLv><ScopeCd Sync="TRUE" value="005"/></mdHrLv><mdHrLvName Sync="TRUE">dataset</mdHrLvName><distInfo><distributor><distorTran><onLineSrc><orDesc Sync="TRUE">002</orDesc><linkage Sync="TRUE">Server=SQLNTMV3; Service=sde92:sqlserver:SQLNTMV3\sql2005; Database=scgis; Version=sde.DEFAULT</linkage><protocol Sync="TRUE">ArcSDE Connection</protocol></onLineSrc></distorTran><distorFormat><formatName Sync="TRUE">SDE Feature Class</formatName></distorFormat></distributor><distFormat><formatName Sync="TRUE">Shapefile</formatName></distFormat><distTranOps><transSize Sync="TRUE">0.000</transSize></distTranOps></distInfo><refSysInfo><RefSystem><refSysID><identCode Sync="TRUE" code="2285">NAD_1983_StatePlane_Washington_North_FIPS_4601_Feet</identCode><idCodeSpace Sync="TRUE">EPSG</idCodeSpace><idVersion Sync="TRUE">5.3(9.0.0)</idVersion></refSysID></RefSystem></refSysInfo><spatRepInfo><VectSpatRep><geometObjs Name="VotingPrecincts"><geoObjTyp><GeoObjTypCd value="002" Sync="TRUE"></GeoObjTypCd></geoObjTyp><geoObjCnt Sync="TRUE">0</geoObjCnt></geometObjs><topLvl><TopoLevCd value="001" Sync="TRUE"></TopoLevCd></topLvl></VectSpatRep></spatRepInfo><mdDateSt Sync="TRUE">20251208</mdDateSt></metadata>
